ReviewID,RideID,PassengerID,DriverID,Rating,Comment,ReviewDate
1,42,44,24,1,Responsibility order fly moment election third huge way sell myself.,2026-05-11 21:00:27
2,77,56,77,2,Wide fast ground ready rest professional build rest send member again per.,2026-05-11 21:02:58
3,5,78,39,3,Day bag anyone media risk window agreement shake herself woman short actually.,2026-05-11 21:00:13
4,66,31,36,4,Us camera they where same team across.,2026-05-11 21:00:33
5,60,75,98,1,Finally himself give risk more many head myself type.,2026-05-11 21:01:30
6,34,50,46,3,Energy marriage total staff long yourself boy box collection space hit choose indeed.,2026-05-11 21:01:24
7,13,95,1,1,In back couple go approach yet responsibility voice.,2026-05-11 20:58:40
8,75,21,40,1,Resource including occur defense series relate radio let.,2026-05-11 21:03:39
9,80,18,72,1,Least thus community area pressure law wish herself section drop place.,2026-05-11 20:58:36
10,18,22,48,2,Discuss I could dog base author talk case.,2026-05-11 21:03:19
11,4,85,19,4,Floor husband single enjoy voice happen these political surface four defense.,2026-05-11 21:01:17
12,24,44,86,5,Reality language risk painting community term interview.,2026-05-11 21:02:37
13,24,22,89,1,Sister senior us four hard year large late.,2026-05-11 21:00:12
14,7,12,69,3,Reason sense message later lawyer city improve turn during join only.,2026-05-11 21:00:05
15,70,79,37,2,Away girl lose place table not not call.,2026-05-11 21:03:47
16,30,55,1,1,Know player community tree heart order sea quality begin within.,2026-05-11 21:03:37
17,35,33,24,5,Around policy effort marriage town important ground represent three social wide.,2026-05-11 20:59:27
18,80,93,46,3,Spring dog show member near character believe team no there.,2026-05-11 21:03:58
19,27,59,23,3,Technology candidate work seat same part anything phone interview.,2026-05-11 21:00:42
20,58,70,98,1,Across me let summer eye low well bed media can.,2026-05-11 21:03:24
21,1,29,3,3,Wall rule arrive prevent visit hair.,2026-05-11 21:00:23
22,42,44,82,4,Small cup remember yard maybe course campaign discuss.,2026-05-11 21:04:08
23,78,16,82,1,Visit team born alone recent he place tough section stop base list real.,2026-05-11 21:00:40
24,45,34,91,3,Remain bill from market television boy fire.,2026-05-11 21:03:10
25,53,16,46,5,Rather rest later letter plant rest order recently open man.,2026-05-11 21:00:09
26,5,95,69,3,Fine according TV inside especially avoid word watch upon themselves.,2026-05-11 21:04:19
27,34,59,39,5,Senior our close finish let matter approach camera central cultural white.,2026-05-11 21:02:55
28,71,55,46,2,Third focus hand truth wall around the financial change where several.,2026-05-11 21:01:55
29,50,80,43,1,Else minute gun movement happen avoid executive learn politics.,2026-05-11 20:58:55
30,10,35,48,5,Tell build force occur could she seem little if.,2026-05-11 21:00:13
31,56,96,5,3,Practice within service crime industry through lot deep time professional idea.,2026-05-11 20:58:43
32,63,8,87,2,Simply you responsibility drive power talk.,2026-05-11 21:03:30
33,70,80,14,2,Reduce cup voice firm it operation world car.,2026-05-11 21:00:51
34,8,54,87,3,Kind anything Democrat defense southern indeed it summer health.,2026-05-11 21:00:43
35,27,96,82,3,Various all choice ten yard keep sound.,2026-05-11 21:01:27
36,8,21,41,5,Modern a data down sea team law beat yeah yard along.,2026-05-11 21:03:57
37,73,52,73,1,Just side wear green responsibility international.,2026-05-11 21:04:34
38,62,71,41,5,Thought surface summer avoid heart ago air buy with community.,2026-05-11 20:59:47
39,43,27,28,1,Thus central need strategy how clear kind.,2026-05-11 20:58:40
40,44,29,98,3,Include month seem sort join any pull tax.,2026-05-11 21:02:40
41,62,92,39,5,Father court wear religious without find yeah hold might must interview lawyer.,2026-05-11 21:01:21
42,64,15,65,5,Rate hundred part line though him third bar foot test over teacher.,2026-05-11 20:59:50
43,15,33,61,4,Adult type whom produce when key road live score fund power.,2026-05-11 21:01:40
44,26,42,47,3,War test cut sea western bit yeah four smile generation prove other.,2026-05-11 21:02:48
45,54,97,94,1,Scene everything item concern here traditional range agency itself eye.,2026-05-11 21:03:11
46,41,88,41,5,Baby guy player ok receive government before.,2026-05-11 20:58:59
47,21,50,28,4,Fire education cold if view low couple thousand.,2026-05-11 20:58:37
48,80,13,87,1,Bring style sign fall information girl loss mouth board key decision space.,2026-05-11 20:58:47
49,64,6,25,4,Since owner trial build without it interview carry why lay appear.,2026-05-11 21:02:07
50,5,54,19,2,Clearly meet wrong police student night allow between law themselves media.,2026-05-11 21:00:30
51,71,33,66,5,I consider poor happen energy eight song.,2026-05-11 21:02:38
52,4,55,23,5,Green shake series remember moment sea issue total long authority.,2026-05-11 21:02:22
53,62,54,90,4,Fill shake economy yourself art eye success protect task sure space I.,2026-05-11 20:59:45
54,60,16,41,3,Question after feeling they watch sing seven beyond mention.,2026-05-11 21:03:49
55,74,35,40,1,Rise those professional civil affect culture part beat establish.,2026-05-11 21:00:19
56,58,93,48,2,Result financial could seven care environmental project fast free speak arrive.,2026-05-11 21:02:51
57,3,80,86,1,Room television former sense true including a moment court three among easy kind.,2026-05-11 20:58:43
58,34,92,69,3,Security color wind ground especially people occur option.,2026-05-11 21:02:48
59,38,29,43,4,Culture ground only partner small simple size.,2026-05-11 20:59:10
60,26,27,41,3,Speak room beat to record three.,2026-05-11 21:01:28
61,52,17,41,1,Before call sense lay inside quickly treat second drive near drop computer speech.,2026-05-11 21:01:43
62,53,71,14,1,Guess police safe will less city show simple set nice.,2026-05-11 20:59:42
63,79,95,11,2,Market option remain land scientist computer.,2026-05-11 21:02:28
64,69,17,84,2,They room and value strong any heavy degree heart its these ball.,2026-05-11 21:03:56
65,28,85,46,4,Respond money political opportunity history response upon use may myself.,2026-05-11 21:00:46
66,2,100,40,1,Protect still state city form something send.,2026-05-11 21:02:48
67,38,21,86,3,Professional approach help paper large authority brother.,2026-05-11 21:00:26
68,33,12,82,1,Food site position find pass art give fish.,2026-05-11 21:01:46
69,49,85,94,4,If rich close present day despite director professional pick loss pass important writer.,2026-05-11 21:01:06
70,23,30,77,2,Relationship choose century test party across all save official person create real seem.,2026-05-11 21:02:27
