UserID,Name,Email,Phone,Password,Role,CreatedAT
1,Lisa Rivera,kellykatie@example.net,03572065259,+b^C@eQ+012Z,driver,2024-06-05 21:45:58
2,Madison Ward,stacy35@example.net,03475508902,DH2p4Vdq0c%U,driver,2025-03-29 13:44:44
3,Ryan Daniel,patelamanda@example.net,03343298628,)6VtIJNu*ysK,driver,2025-08-23 08:40:47
4,Carol Contreras,thompsonjessica@example.org,03083322175,3t9#oDBdb#!!,passenger,2024-10-24 09:44:36
5,Charles Mathis,brian70@example.org,03182593656,u2%)PgI6_rAv,driver,2026-02-26 18:58:43
6,Jessica Patel,melissakim@example.net,03325847332,D4vUcnQr#g0X,passenger,2025-06-01 13:58:53
7,Cody Sanchez,jacob05@example.net,03886463318,1FIQUwcx$gV_,passenger,2024-12-30 01:26:25
8,Michele Cabrera,charles33@example.net,03908139350,9&2WWHUWBoTO,passenger,2026-03-19 00:08:09
9,Justin Lane,meredithchase@example.net,03203625650,!3g@ObbX^dAm,passenger,2025-01-31 10:39:28
10,Amber Parker,rachel99@example.com,03179925224,R54vW(cWAM#D,passenger,2025-05-04 10:12:41
11,Adrian Richard PhD,ashleyvincent@example.net,03190167005,@4*xvUvSXv1B,driver,2024-08-30 03:42:53
12,Karen Pennington,obrienanthony@example.org,03348702079,Ao0(Fn60gW#9,passenger,2025-08-19 05:10:43
13,Andrea Sanders,smithmelanie@example.net,03729851570,*8dBXxvvaunu,passenger,2024-08-17 01:41:51
14,Steven Johnson,andrew14@example.org,03777527433,36l61Csp(acE,driver,2024-09-17 23:30:59
15,David Vincent,james31@example.com,03661873595,I%#2pOAfvQx9,passenger,2025-03-12 13:40:19
16,Christopher Wallace,rbrown@example.com,03556497625,+*amee8!4ICh,passenger,2025-06-07 01:24:20
17,Joseph Hughes,tracisantiago@example.net,03400503729,3GENW++n!3gw,passenger,2024-12-31 23:39:01
18,Emily Adams,derrick97@example.org,03219060873,@&4KsLZx2hpo,passenger,2025-10-16 14:56:19
19,Laura Lee,xmcintosh@example.net,03290396529,l&(3mARbm@Pa,driver,2024-11-08 22:30:20
20,Anna Miranda,michaelking@example.org,03308705544,O2&aoJwZW58$,driver,2025-07-17 03:16:18
21,Justin Moore,jamesvega@example.org,03981003161,IVb$*Op5H^!1,passenger,2025-12-30 20:07:15
22,Kaylee Gomez,mnelson@example.com,03848493487,np9LTj!8)qdg,passenger,2026-01-04 15:55:00
23,Paul Smith,cwilliams@example.net,03445730741,eL(RKMwb@^J2,driver,2024-11-20 02:18:22
24,Randall Anderson,walkerbrenda@example.com,03737562507,+%6UQftIiOk9,driver,2026-02-08 11:43:36
25,Christine Smith,connie51@example.com,03502082372,ld*3AyOpTRH0,driver,2025-03-04 20:54:18
26,Christopher Gray,aturner@example.net,03868782379,#XYseSeSA@g8,driver,2025-10-15 08:57:18
27,John Curtis,xsweeney@example.org,03551806377,$qhnpyup#6nJ,passenger,2025-12-22 07:40:26
28,Mary Miller,nicolejohnson@example.net,03825087805,_d@)cUpx56FM,driver,2025-04-24 18:44:51
29,Carlos Henry,alexanderrobert@example.org,03046147199,#8M+vqm6+#$C,passenger,2025-11-04 23:13:11
30,Kathy Griffin,kaitlin49@example.net,03655271334,TUN8by%A#yZP,passenger,2025-08-03 03:01:00
31,Erin Meyer,manuelmarsh@example.org,03289270049,^rDo1Xl9!4$S,passenger,2024-11-04 12:51:01
32,Tyler Pruitt,angelapowers@example.org,03433409806,64i#c*Iu(4D5,driver,2024-12-27 17:42:16
33,Dr. Shannon Cooper MD,jennifervillanueva@example.org,03678139278,6f&dLjqK0Pt4,passenger,2024-09-26 09:32:09
34,Matthew Schneider,nferguson@example.com,03853894259,!6R)O8lP8n4w,passenger,2024-08-09 08:55:37
35,Nathan Clay,amber60@example.org,03333589849,D*S_5PZ5tiT6,passenger,2024-06-04 03:50:50
36,Joshua Young,kristen93@example.org,03852297893,!FmhpIjDP2Sl,driver,2024-07-27 13:24:49
37,Melissa Welch,stokesjordan@example.org,03533247548,sZGGgf7WRq8(,driver,2024-05-17 21:54:24
38,Julie Martin,brittany04@example.com,03102371425,8O2ZsQ7Es8$K,driver,2024-07-21 20:52:20
39,Amber Horne,christopherlewis@example.net,03741614679,Jx2i4v067(LZ,driver,2025-03-05 14:14:17
40,Joseph Sellers,clynch@example.org,03360070570,!od%^PlHu5QZ,driver,2024-07-28 10:04:28
41,David Wolfe,zstuart@example.org,03438034941,96l8++a4*3T1,driver,2024-06-06 13:39:43
42,Dustin Mclaughlin Jr.,arianamcmahon@example.net,03937946431,)9mPL8GF&ljI,passenger,2024-12-06 10:31:19
43,Jessica Lopez,ejohns@example.org,03297328530,+0ufE9KX&uDP,driver,2025-06-10 16:34:38
44,Anthony Collins,lorigarner@example.org,03139337609,O#)bBw(W9l5V,passenger,2024-08-26 00:49:31
45,Jennifer Rios,whitney62@example.net,03880134180,#V0Omkh%hnF^,driver,2026-04-10 07:27:34
46,Emily Wagner,norriscorey@example.com,03083403003,%3iu+MkeEECq,driver,2024-06-20 00:20:14
47,Jeremy Mcgee,robert61@example.com,03854942632,)yOsTUKa0b!m,driver,2026-02-23 17:01:17
48,Christopher Gibbs,victoria46@example.com,03267016178,!8%PsQpI@6hm,driver,2024-05-26 06:39:18
49,George Thomas,greenlaura@example.com,03513934264,&+saRBHlX4BR,driver,2024-07-09 03:09:55
50,Charles Dudley,thomaskim@example.net,03884065616,y3AYfMxWZwy*,passenger,2024-06-20 04:19:06
51,Justin Mclaughlin,lbowen@example.com,03718402515,l8zG2sYA&Og&,driver,2024-11-27 22:51:48
52,James Lopez,christopher42@example.org,03819214584,5qGRoTV0@&sW,passenger,2025-05-29 02:26:45
53,Shawna Garcia,westrebecca@example.org,03673459173,B6CdOo_w@%K8,driver,2025-10-10 16:38:08
54,Mary Murray,aespinoza@example.com,03184250314,mjv91DJktq9%,passenger,2024-05-21 06:01:10
55,Larry Allen,julie29@example.com,03850814337,oZVzu3of+82C,passenger,2025-10-30 16:24:12
56,Heather Reeves,ccastaneda@example.org,03014437587,&1C@m0QPR)iM,passenger,2026-02-03 10:04:59
57,Rachel Singleton,aarondixon@example.net,03902245989,%OnVJkyO6oXo,driver,2025-03-18 23:18:33
58,Leslie Wells,dholt@example.net,03980502131,*qb7^l8Q+YGx,passenger,2026-04-02 21:29:00
59,Brandy Ward,sheilahawkins@example.org,03627968652,S69VVCHe&%RQ,passenger,2024-06-20 10:09:57
60,Elizabeth Sharp,byrdjames@example.com,03200749803,jk0Cpqhf#on+,driver,2026-03-10 23:41:36
61,Rebecca Johnson,jstout@example.com,03168297877,M8r&8$bx%QfQ,driver,2025-02-23 09:35:56
62,Jennifer Schneider,howardcory@example.com,03774039571,Q@A2h5YctS2K,driver,2024-07-29 07:46:30
63,Kelly Hansen,javierfletcher@example.com,03263854667,&4Ktex(zuLaw,passenger,2025-05-03 14:13:41
64,Jared Rosario,rachel70@example.org,03272974831,65bIm+UK!OUf,passenger,2025-03-12 19:49:32
65,Linda Blair,reyesmelanie@example.com,03231570284,%!NoPxVTxO3C,driver,2026-03-31 14:58:09
66,Katherine Gonzalez,martinezscott@example.org,03534547356,fC2(s#*1v5bJ,driver,2024-06-24 12:08:57
67,Kelly Holland,samantha22@example.net,03021611657,%7NyfYFsuoiG,passenger,2024-06-10 05:55:48
68,Amanda Brown,anthonymcgrath@example.net,03878335304,li*0nM#r#44B,passenger,2025-02-24 10:36:31
69,William Mendez,ucole@example.com,03292064651,&ViQqh7vVo7x,driver,2024-11-30 06:06:44
70,Michael Rogers,taylordominique@example.net,03211445983,wwg0Gcj#r+%o,passenger,2024-10-08 17:11:17
71,Joseph Mcintosh,derek60@example.org,03065879103,&r2oRusaX7Xz,passenger,2025-06-29 15:55:42
72,Michael Simpson,shawwillie@example.org,03557182082,99Iar#@cc0I!,driver,2024-12-29 08:35:44
73,Jeanne Taylor,tranholly@example.org,03526652658,H8BIBv+9!sim,driver,2026-01-11 09:23:50
74,Stephanie Andrews,ericchandler@example.com,03409449943,R0BhnQ7o&Y6O,passenger,2026-03-21 23:17:49
75,Rose Moody,benjamincole@example.com,03843427117,f#7B!OEhD^6d,passenger,2026-02-09 13:04:08
76,Christopher Rhodes DDS,chaneyanthony@example.net,03809419329,ak!AQWjjF*y3,passenger,2024-09-15 13:18:35
77,Diane Roberts MD,jason68@example.com,03815124131,L%35GKu3byJ!,driver,2025-10-07 21:59:17
78,Jenna Taylor,kimberly49@example.com,03070245335,@05P5lfT4L2K,passenger,2024-09-09 18:29:43
79,Adrian Shepherd,williamhowell@example.com,03299937507,QZ9&s+Ppifl7,passenger,2026-01-04 10:05:14
80,Dylan Snyder,joancarr@example.net,03955006636,aG1SRugsz0M&,passenger,2025-07-13 08:47:03
81,Thomas Navarro,marywheeler@example.org,03504420019,wPfRKK%d#*F0,driver,2025-03-26 01:25:09
82,Tiffany Ruiz,bmendoza@example.org,03815307019,*6PXMsV+fbPA,driver,2024-09-26 14:16:20
83,Dean Price,vdeleon@example.net,03605714880,)9)(UZ^cxI@7,passenger,2025-12-20 19:59:29
84,Katherine Sullivan,cindymarquez@example.com,03362732734,I7JZ15Rc$$UL,driver,2024-12-04 21:20:25
85,Marcus Jackson,smithkayla@example.org,03402154619,_U1Nb$+6PkWL,passenger,2024-08-08 17:45:33
86,Kathleen Obrien,angela40@example.org,03527120874,*Y8RO#Hz1Gdb,driver,2026-05-06 15:38:48
87,Sarah Brown,scottbrenda@example.com,03839524507,*rNTLzGnI24q,driver,2025-04-07 14:30:54
88,Thomas Church,oalvarez@example.com,03551233155,@weFZ_@bd4b8,passenger,2024-05-13 13:45:10
89,Gary Taylor,phillipstiffany@example.org,03509331654,I_MB2$Ei$sAW,driver,2025-01-04 17:18:37
90,Michael Perry,leetrevor@example.org,03070040922,D4oeR0Qxf_6H,driver,2026-01-04 08:50:17
91,Katherine Ayers,urichardson@example.org,03367576411,B8NA8tQT@6x@,driver,2025-03-07 03:39:25
92,Kathleen Evans,greg93@example.net,03717063636,gx$M0EOsaFL8,passenger,2026-03-01 10:22:06
93,Michelle Ortiz,wyattbates@example.com,03809947613,bg39Hnh@NLk(,passenger,2026-01-07 08:25:05
94,Lindsey Morton,oscar79@example.net,03158731485,DiuOPkzV(T3t,driver,2026-02-17 16:32:03
95,Paul Sutton,kenneth05@example.org,03892056791,zT7Lvgknh7T#,passenger,2025-05-12 23:56:42
96,Eric Wagner,colson@example.com,03869985508,BmQ!gQD6@4JT,passenger,2024-06-26 22:40:58
97,Ronald Trujillo,xramirez@example.com,03157735864,O(sqLhl_HK%1,passenger,2026-03-18 02:42:51
98,Melinda Gregory,rodriguezveronica@example.com,03566365394,^O8mTxhk88O2,driver,2026-05-01 16:43:49
99,Sherry Thompson,johnhickman@example.com,03346398346,)3T)dSJ(@W4I,driver,2024-12-15 10:48:28
100,Jamie Beard,jjohnson@example.com,03763907109,+Dr1nFlPd*ac,passenger,2026-03-05 07:41:23
